timestamp,pressure,flow_rate,temperature,valve_status,pump_status,target
2020-11-23,60.69954481941888,94.37846821582241,22.200254414286405,1,1,0.0
2020-01-08,81.2221013077209,106.9041633736688,14.129354166644156,0,1,1.0
2020-09-27,67.10359212850135,124.87675583169542,17.382428213964374,1,1,0.0
2020-05-08,77.19971717377152,134.86305595340696,21.936502748870588,1,1,0.0
2020-12-29,81.97660230743836,90.79299473459515,14.097910089530492,1,1,1.0
2022-03-01,65.73378524147182,128.77633559264584,17.257925414030307,1,1,0.0
2020-04-23,65.23758346934456,78.25449969429181,31.314308329901927,1,1,1.0
2022-12-14,80.84707069534184,109.56174553068504,16.585733689343026,1,0,1.0
2022-11-07,76.47464541337537,84.41843124234242,23.246569872443942,1,1,0.0
2021-11-30,80.03728418602266,76.21809425690893,22.02965467342343,1,1,1.0
2020-09-28,68.44632076122281,97.22634936457227,12.224782705092402,0,1,0.0
2020-12-30,57.77398673460446,91.61803892164446,15.683362035930159,1,0,1.0
2021-08-27,70.60600917356234,140.58441653394777,31.340859425263076,0,1,0.0
2022-10-24,68.24262659514955,110.37733878430116,18.820463941672763,0,0,0.0
2020-06-18,61.302974077728194,80.55767786055412,11.258984944514333,0,1,0.0
2020-10-16,60.453865222774155,97.8230692072477,17.107393844818517,1,1,0.0
2020-12-10,67.10377968258081,80.23104978377081,11.607254593047653,1,1,0.0
2022-02-08,54.88198221032869,115.4195117091173,11.878061361760846,1,1,1.0
2021-04-03,67.24483995022906,110.3074162459342,14.381811292789747,1,1,0.0
2021-03-14,67.96401068679123,143.01820379797365,26.546684294669895,1,1,0.0
2020-10-22,79.79883797565319,98.66387154371046,22.110285373236362,1,0,0.0
2022-11-21,70.65708498591565,98.05527324481736,15.197167188484036,1,1,0.0
2020-04-03,70.33560459616477,73.60507037939163,25.849174636763006,1,1,1.0
2021-07-10,69.08852485432354,68.30128105462916,15.57733234802134,1,0,1.0
2022-09-13,86.41519064884248,87.54291362012283,19.90120048815904,1,1,1.0
2020-05-16,71.70891157804611,115.21335480389249,19.997553892965268,1,1,0.0
2020-12-06,70.96921161173357,91.28501045564306,4.146540595987279,1,1,0.0
2022-05-10,65.11288621567897,69.34218655568826,20.837115420457412,1,0,1.0
2020-01-27,70.52016900597849,112.3183774978537,13.238713895044214,0,1,0.0
2022-09-11,78.81476523137519,83.0006987133041,23.337708871237364,1,1,0.0
2022-05-04,86.84165385198091,110.51578018431711,16.168824625292885,1,1,1.0
2021-03-11,44.159515219021806,88.55927229637607,20.983596769685303,1,1,1.0
2022-11-13,71.42418246408091,89.678123980708,24.4619312842569,1,1,0.0
2022-01-19,78.53553121003708,90.18948734314087,25.60152409751836,1,1,0.0
2022-05-03,62.31365345657497,102.6957970663074,15.612278014070267,1,1,0.0
2020-08-31,41.32965415345562,108.94528737234359,25.24952912218349,1,1,1.0
2022-05-15,83.66036418879047,57.76236849359623,20.33637934953518,1,1,1.0
2021-02-27,48.62124606106853,102.46483482560018,15.060392548591167,1,1,1.0
2022-01-15,55.336173157236495,137.59108950622684,17.418800487383674,1,1,1.0
2022-04-29,65.7822091924016,96.57400050380875,21.78638226908809,1,1,0.0
2021-05-07,71.2297347276689,94.85080895471978,22.173524488564638,0,1,0.0
2020-05-10,61.88781618026614,120.13132911050873,11.353528387320459,1,1,0.0
2022-03-03,59.63828296054156,83.1359664105095,22.73143924605907,1,1,1.0
2021-03-16,82.89730035058847,111.23311659259697,21.128734090318225,1,1,1.0
2021-08-11,59.25950940824394,99.82054414405968,12.891668842259993,1,1,1.0
2021-11-20,53.922551276957954,65.89823841252543,15.10454771813788,1,1,1.0
2021-09-23,62.85211989118511,103.4115064893014,12.234067744584635,0,1,0.0
2021-03-10,87.33583092176892,76.29521700218109,16.321653929777156,1,1,1.0
2020-02-05,55.303632933485446,73.64166694384083,17.239554538945093,1,1,1.0
2021-05-06,68.15866504299684,95.13958873524865,17.46200372822398,1,1,0.0
2020-06-22,52.12489654967585,137.23750227273067,14.253395544504539,0,1,1.0
2021-11-25,62.01663490769299,103.12003837145582,17.76646282074732,1,1,0.0
2022-04-21,78.81558772555422,89.23781764048574,13.110812529557755,1,0,0.0
2022-08-01,56.177278999108474,110.78069903935082,21.258572494202195,0,1,1.0
2022-02-15,57.07623347625537,59.7871860497436,21.800603958327848,1,1,1.0
2020-06-03,69.11932143417589,89.76286770248608,16.28860328444713,1,1,0.0
2022-10-12,79.80074039005953,80.74586283279893,25.74303119709694,1,1,0.0
2022-10-31,86.26810450923563,64.22575612954202,23.15856066911852,1,1,1.0
2022-02-18,72.12410907346323,77.49749442526223,24.323861887683357,1,1,1.0
2022-11-16,51.003330887983324,79.6183330491317,20.284068037476164,1,1,1.0
2021-11-25,73.8052676268075,103.61695927716467,19.969375293887403,1,0,0.0
2022-11-02,51.267021641175404,57.3608270183989,24.134848147911182,1,1,1.0
2020-12-04,84.19828492908606,67.61668480984676,13.326588562655001,0,1,1.0
2021-07-20,72.69574528793721,128.87417793891063,26.89867245801771,1,1,0.0
2022-11-12,71.68249187914691,116.30338651378574,15.300437442192726,1,0,0.0
2020-03-02,59.34509646281032,79.08108648376323,21.78647860341361,0,1,1.0
2022-05-28,75.1406298944007,84.00096663327771,23.82395549628896,1,1,0.0
2020-08-26,59.19883799823795,78.02961677728217,14.465351415039724,1,1,1.0
2020-05-05,87.72507499526618,106.63530927426869,16.60921095663851,1,1,1.0
2021-04-04,63.570478760008115,78.28073943604998,24.86011042310279,1,1,1.0
2020-12-26,75.55539264548712,103.97016134502196,23.858588346154555,1,1,0.0
2021-10-25,57.91383264814243,127.46454286251904,20.9669332855528,1,1,1.0
2021-03-24,89.26915579262094,106.82375525615996,17.82239503335118,1,1,1.0
2022-07-23,80.94088419813157,98.0552043641326,23.56833954882916,1,1,1.0
2020-01-20,80.28000983964256,114.47092484237524,14.840126568136773,1,1,1.0
2020-12-21,79.15484131485044,76.37124924468654,19.63968613958453,0,0,1.0
2022-05-27,77.72783633404958,101.3356676878314,13.284376827848204,0,1,0.0
2020-01-05,71.44180320578455,92.17434342760508,23.924321860896384,1,1,0.0
2022-04-30,87.77020108932435,66.03262611424985,14.560242094416608,1,1,1.0
2021-05-31,72.64533146427702,118.15789943223751,25.790680619800185,1,1,0.0
2021-12-07,59.657742961618666,113.0374588449339,24.63965330261058,0,1,1.0
2022-04-25,107.50444623397014,92.57258179978773,18.090841790820438,0,0,1.0
2022-12-10,70.35400318090282,112.31069075787408,16.824144897007937,1,1,0.0
2021-05-04,65.93030949311726,91.37784153642312,23.18751701838629,1,1,0.0
2022-04-25,64.54666146439426,84.30861851358456,28.5464020332048,0,0,0.0
2020-10-23,72.74786181873748,87.42415793831778,8.336498440111962,1,0,0.0
2020-12-24,77.0163380917962,108.55783983741941,19.804580695872122,0,1,0.0
2022-04-12,77.51780911463698,80.89334433013326,27.353005994198604,1,1,0.0
2022-07-17,63.70842150892639,105.9473563768046,26.208680796527275,1,0,0.0
2021-07-25,80.018159244136,95.41388076654208,22.06049670779079,1,1,1.0
2020-07-09,67.78271227766376,91.42597204166483,16.732676026210825,1,1,0.0
2022-02-14,62.1955226215442,144.06433573378217,19.940210954753223,0,1,0.0
2021-07-12,90.68001809131786,88.10895986737248,16.629017969006114,1,1,1.0
2021-01-25,75.35123917780489,101.8075785953885,20.209349629553433,1,1,0.0
2020-06-05,77.62272651869205,108.45275615997836,19.75561235023873,1,1,0.0
2021-04-29,75.06786842840668,104.16805422455971,18.76072599522697,1,1,0.0
2020-09-17,64.61826547226627,102.26170580270708,13.782377583733407,1,1,0.0
2021-08-10,60.02838917739002,111.37680022986567,23.532444371362494,0,0,0.0
2022-11-28,78.81846182595383,60.41275169404653,17.537642814054568,1,0,1.0
2020-02-24,71.52516814990953,114.81994363136349,18.19182262894987,1,1,0.0
2020-02-22,86.62565788375483,102.01930588544802,35.13000811978411,1,1,1.0
2021-01-11,81.37718793574955,103.71958206553383,18.67701669219442,1,1,1.0
2021-05-13,87.16254765176485,73.59587168516092,24.85435884276468,1,1,1.0
2021-04-19,61.63251233607493,106.23682041147734,19.10283629349386,1,1,0.0
2021-01-01,71.7246241924857,92.54956154108517,23.793122728315613,1,1,0.0
2020-01-13,43.21740397682666,88.81439666335481,27.012966972890403,1,0,1.0
2021-06-22,83.81586157897638,90.68318183894016,17.222184238228998,1,0,1.0
2020-04-01,70.2533830440713,70.53503777724762,13.15509787835783,1,1,1.0
2020-05-28,66.85051461078613,74.5918031504441,20.34894177723501,1,1,1.0
2022-03-29,55.68301256548877,62.58021155309371,19.19564595738765,0,1,1.0
2021-09-22,83.50584817437178,115.44325138455366,14.750260198246092,1,1,1.0
2022-12-09,70.70167285041173,111.71655825148136,14.757126990902048,0,1,0.0
2021-03-25,57.51915150119916,69.65130315561542,18.190221853237986,1,0,1.0
2022-10-06,73.2557212853807,85.9290445140276,24.280775411757368,0,1,0.0
2021-10-01,82.86469377562513,85.0443215550162,23.50335986854403,1,1,1.0
2020-10-14,67.6069845314601,110.53102862933513,22.205624165594426,1,1,0.0
2022-11-22,73.73340277488154,100.17619437338652,22.086747601505312,0,1,0.0
2020-11-30,73.06953920576136,96.15482491749496,19.83961591360023,0,1,0.0
2022-03-23,75.29600006763933,101.37218810574822,17.411736398165655,1,1,0.0
2022-06-28,63.80087085451592,64.23566310718913,25.16106153207814,0,1,1.0
2020-02-05,60.02596742898189,96.32255088782118,14.575383742393413,1,1,0.0
2022-11-17,77.07651547757368,100.12929810496985,22.506845744609596,1,1,0.0
2021-11-12,68.51050505877413,81.4401909188872,18.185177928302767,1,1,0.0
2022-10-16,83.89392356853247,114.24880461710075,14.581159269713044,1,1,1.0
2021-07-07,76.92973236225119,105.360270076675,20.991016872376903,1,0,0.0
2021-06-30,69.91731560774929,153.73933129842106,23.118509227476995,1,1,0.0
2022-04-18,62.185368529084585,118.97356656930585,10.915419743034624,1,1,0.0
2021-02-16,66.76240980449406,108.73362671650611,11.408746866021332,1,1,0.0
2021-06-30,75.22168773499915,86.64665145482276,20.050828687257628,1,1,0.0
2021-10-02,67.04788311026363,127.074545064352,18.06810922406985,1,1,0.0
2022-01-27,81.9619087336448,97.54707540830171,18.74966785777951,0,1,1.0
2022-02-11,78.38985956730627,77.7368846068932,19.75432091456441,1,1,1.0
2021-05-03,58.70829042357518,133.1549075993114,23.024730824064413,1,1,1.0
2020-02-12,65.04380385927088,75.04471033365083,21.38296976979919,0,1,1.0
2021-09-17,61.66258183395966,114.87545593086432,16.91041423547519,1,1,0.0
2020-09-18,84.11615497410314,67.54641054993516,21.817925930856454,1,1,1.0
2021-02-06,66.62722152860371,109.24816371035828,23.433769657660914,1,1,0.0
2020-04-24,68.38380366025201,99.97296191183094,18.014567667990885,1,1,0.0
2022-06-13,74.13925419556443,132.4158624304312,11.980060912044987,1,1,0.0
2021-04-23,59.20957583637217,87.74782127136271,20.674297245092212,1,1,1.0
2021-06-09,71.56010725597423,79.78766239983293,15.202934111193294,1,1,1.0
2021-04-11,69.54114695485414,65.8857822847703,25.681253247368904,1,1,1.0
2022-12-05,67.20802149877774,98.60820320588618,26.283589717448123,1,1,0.0
2022-12-18,75.90843015952379,129.61142279694675,13.370490055021538,1,1,0.0
2022-10-25,92.56556976592725,108.68958071744669,11.064468428805593,1,1,1.0
2020-02-27,64.4132712383534,77.82481758782504,22.32755426422955,1,1,1.0
2020-07-15,75.52208858775813,95.16124818309025,5.73284001493937,1,1,0.0
2022-01-02,72.70565941732144,93.26560810501184,23.908519506662877,1,1,0.0
2021-12-08,65.97775482222342,67.99392856349641,27.33445980709265,1,1,1.0
2021-10-25,82.28987940439029,128.9616943720269,29.00625988907072,1,1,1.0
2020-11-21,74.03693880625197,119.93909115701436,14.09222393301963,1,1,0.0
2020-08-29,74.10304057944673,93.94770211733984,24.770119950395866,1,1,0.0
2021-05-07,73.08918393989725,89.6972727070596,24.391020006114502,0,1,0.0
2020-12-26,79.2072513745874,109.01435991125854,21.41492656438821,1,1,0.0
2021-01-16,59.97441938099057,155.323333079321,24.302259961826067,0,1,1.0
2021-01-29,60.342471758567086,108.23995686118475,16.770481987116938,1,1,0.0
2020-09-04,64.772085953572,106.09812779966512,24.513702460338866,1,1,0.0
2022-09-18,79.05606029511758,116.59006932383872,15.40375770807907,1,1,0.0
2022-09-22,68.17520744555908,91.41159354025906,16.92741933678541,0,1,0.0
2020-11-08,66.73780142406585,91.71352725084583,18.169577255035694,1,1,0.0
2020-02-09,62.440267175725964,113.48077274280068,13.675895627126113,1,1,0.0
2021-12-20,91.08505274941166,70.89486659982384,21.91374261932806,0,1,1.0
2022-05-01,60.08498600051713,143.79663749812673,18.68744974044696,1,1,0.0
2020-11-13,49.18098296332107,127.83727461811942,27.20987533913128,1,0,1.0
2021-09-20,64.63161283115312,77.71719728501164,16.957424080884373,1,0,1.0
2021-08-12,58.90367186616896,108.84318539649091,21.23925073515521,1,1,1.0
2022-10-03,63.863827085173284,102.62373034022973,15.136198300664645,1,1,0.0
2021-11-10,65.91632785351523,111.9179122078587,32.97431532793203,1,1,0.0
2022-07-30,82.45910862843081,108.04032142696751,25.52868651297154,1,1,1.0
2020-12-22,62.97813920395194,77.09275801942786,12.68925084394849,1,1,1.0
2022-07-02,71.2015266178011,150.35641934483198,10.706820231536343,0,1,0.0
2020-05-06,70.91204089214877,113.73709145152424,8.963398200774403,1,0,0.0
2020-11-30,67.8768257609592,73.28441137586864,26.53071167379936,1,1,1.0
2021-11-18,72.28920380503295,128.48842833946935,23.545720521837723,0,1,0.0
2020-11-22,68.23792838270158,92.33865245250024,30.147269165769842,1,1,0.0
2022-11-20,70.81664881307496,115.69140842508777,24.269695411007802,1,1,0.0
2022-08-12,88.99475379529527,104.07316506333244,12.686079072830893,1,0,1.0
2022-05-15,79.66956939999042,79.62338213860917,20.206217387439317,1,1,1.0
2021-12-12,74.75090207969677,100.41762968707371,24.894829730900305,1,1,0.0
2021-03-26,57.78227189271975,81.61466967454133,14.880688016221322,1,1,1.0
2022-12-29,64.43249587902588,92.95269027205197,16.576977819669054,1,0,0.0
2021-04-19,90.8056718927175,93.06264938612175,19.114426558844887,1,1,1.0
2021-04-03,53.284653633679575,122.70142206432331,19.6276927054025,1,1,1.0
2021-05-28,67.21387628096247,97.26926613008092,22.554421639489764,1,0,0.0
2022-03-28,55.91158414799586,87.95209746548272,14.672723968750383,1,1,1.0
2020-01-25,57.40190882085967,77.58330467117105,17.298862206788897,1,1,1.0
2022-03-15,65.93948918926047,108.36051344478108,20.963056288784376,1,1,0.0
2021-02-16,59.70629478581731,102.46548250550651,20.009379955369837,1,1,1.0
2021-07-17,71.13826544371685,110.07348963432611,18.63445173227395,1,1,0.0
2022-04-10,86.81318796334743,60.888982510897364,30.06835862072186,1,1,1.0
2020-11-02,66.71138023333566,86.65933917601625,18.794584626336874,1,1,0.0
2021-11-29,82.26986978305166,68.97449244774401,23.33370696718946,1,1,1.0
2020-10-15,71.68527808331712,115.0771983022571,8.186840367954538,1,1,0.0
2022-07-01,68.43900452478636,72.18821405863295,14.83004566923132,0,1,1.0
2020-05-26,71.95498472601015,99.7034612048829,18.699801556898475,1,1,0.0
2021-08-01,63.37065408707616,91.39273643113872,11.232819006933548,1,1,0.0
2021-06-25,46.83674464382694,97.69291673069898,22.359107024433268,1,0,1.0
2021-11-16,70.7004149014009,144.83561526714143,16.421960038964713,0,1,0.0
2021-07-14,61.56712207044525,143.23979977802287,15.499594486641199,1,1,0.0
2022-06-16,64.29510669947776,120.30785783608673,15.616721443142282,1,1,0.0
2021-02-11,72.60538762327255,104.6424742110808,32.139685465853766,1,1,0.0
2022-07-10,69.35695428388978,110.4681016085432,19.381651327465708,1,1,0.0
2021-01-02,83.06060361417184,98.31623405884426,12.04372794877257,1,1,1.0
2020-04-02,70.31538060660772,104.83915559990739,22.47384423195659,0,0,0.0
2021-09-29,64.64872637710315,107.37131510198705,17.629433408329195,1,1,0.0
2021-07-07,71.39586600892395,98.5266671105529,26.405498495009418,1,1,0.0
2022-07-30,72.07813081763263,104.04465192800228,25.32861103921131,1,1,0.0
2020-04-10,92.19616382403363,98.91680902239916,28.490386099457936,1,1,1.0
2020-01-17,80.78519408191592,135.92338988279252,25.418335069600836,1,1,1.0
2021-11-26,62.353176893794135,83.89357368281644,27.05808020256132,1,1,0.0
2021-07-06,63.0495749208066,106.91762113684801,21.174077692041212,1,1,0.0
2020-06-12,61.45649456811414,116.79463478233683,26.992001714917144,1,1,0.0
2021-03-11,82.35742198931827,126.79106185156743,22.623088910248846,1,1,1.0
2020-11-20,78.4699471337183,113.70090250186361,11.569479125706687,1,1,0.0
2021-04-29,44.866638500268735,83.06059460792412,24.139106146940627,0,1,1.0
2020-03-12,85.81327421317327,115.32575090599425,17.46885104721251,0,1,1.0
2020-05-09,76.05785979494482,127.46804765765916,18.275734952076526,1,0,0.0
2020-05-30,69.26891585908633,104.92225602207604,14.929991473749517,1,1,0.0
2021-10-22,84.18707270156223,114.00131005695076,22.48911286583655,0,1,1.0
2021-10-12,84.68098193958207,110.58214168607579,22.14288516229275,1,1,1.0
2022-03-19,56.35423192589889,138.03207866111626,21.6606070174251,1,1,1.0
2022-05-18,63.46696831848992,91.63409292007208,19.991301284001985,1,1,0.0
2022-06-19,70.82233566658657,95.96436013814076,26.25243527263098,1,1,0.0
2020-01-27,80.51536769225642,105.79670368867457,21.38657741724973,1,1,1.0
2020-02-16,73.53031039533523,106.00057354980031,20.224866038469454,1,1,0.0
2022-07-24,51.581052038092096,119.63508997808397,13.275518844492595,0,1,1.0
2021-07-09,83.76424934905968,104.61174841599136,19.965496376982383,1,1,1.0
2022-09-22,73.71105267789021,117.30864139707626,17.34075872546772,1,1,0.0
2022-10-18,67.63402156425643,111.37588494016653,23.02204964233031,0,1,0.0
2020-09-13,63.6805662596202,100.2757249678754,20.81193384615918,1,1,0.0
2022-02-15,57.638134056137574,120.72568325768658,22.743438815800047,1,1,1.0
2020-12-12,60.504213223039436,77.67798867569239,24.20124045668863,0,1,1.0
2022-10-26,46.96945444265298,127.12274194243102,25.928596468061322,1,1,1.0
2020-07-24,58.41313928875264,108.28523887611098,22.33046850889611,1,1,1.0
2021-05-06,78.37846634210241,96.27911173707984,21.028476957378423,0,1,0.0
2020-06-07,71.29754045625599,92.39853712914818,17.359456837559865,1,1,0.0
2021-11-27,48.98522784411386,91.438114274861,28.86009845593638,1,1,1.0
2022-06-14,65.51367989523723,122.26519591673566,23.61165946111258,1,1,0.0
2021-05-27,79.63556557482883,123.05881440696353,24.102409909902633,0,1,0.0
2020-04-29,74.13268547598996,101.00509553948852,30.003584245763808,1,1,0.0
2021-09-10,72.33145104726422,109.97101624807026,17.08656135985613,1,1,0.0
2022-08-05,62.53523573178836,85.06971548890289,18.694539606075747,1,0,0.0
2022-04-19,67.25336667099882,104.22638147873745,24.496700765743768,0,1,0.0
2020-04-21,69.90626147327136,106.07445661464305,20.148360212970154,1,1,0.0
2020-02-24,59.39878233151222,108.36697405111396,25.530373267434697,1,1,1.0
2020-11-19,56.49175466823469,101.26219765718216,24.2998209499421,1,1,1.0
2022-08-10,62.8304215739187,132.8405998277093,16.389290587551418,1,1,0.0
2022-12-26,54.35797919354051,119.574347346108,16.13633137757396,1,0,1.0
2022-12-25,68.50294157669697,127.514173919083,28.212858513671094,0,1,0.0
2020-04-27,59.00630122353053,147.76742452282636,24.81390301586971,1,0,1.0
2022-10-03,88.03882075543532,148.13323683524595,23.474774175676654,1,1,1.0
2022-07-27,47.450546585565924,91.88310457575867,24.1209625776062,0,1,1.0
2022-05-10,75.22529146805743,106.38361734607982,15.4182005455704,1,1,0.0
2021-03-27,76.49873939640226,129.12416690644315,18.773784618161464,1,1,0.0
2021-08-18,64.44160582506699,123.32210615423777,9.28624737650518,1,1,0.0
2022-05-19,41.598623913277734,103.2606093743093,18.5666352196354,1,1,1.0
2020-10-18,71.77492537688208,106.27426128608118,22.81230548181214,1,1,0.0
2022-08-28,52.70892098801599,103.8663004054838,24.641175779732585,1,1,1.0
2020-08-07,71.881626956886,87.2329610088497,23.78503513265912,1,1,0.0
2022-04-16,81.26768320962903,94.09041017129474,14.551669515134659,0,1,1.0
2020-12-03,72.33876629373285,125.1315514240017,17.39194273357144,1,1,0.0
2021-06-01,64.87069385869688,84.72201512634498,17.12919218480068,1,1,0.0
2020-11-04,68.8651655131088,77.23657458631435,22.679331000709112,1,1,1.0
2020-06-21,80.15445689097703,120.4093412359195,18.58072646604199,1,1,1.0
2020-05-22,82.68582336667633,89.16193480529819,27.43820180225196,1,1,1.0
2022-06-19,74.67460328160712,77.72263940997155,15.375599719783976,1,0,1.0
2022-11-03,64.24245943355109,106.22579622198863,22.8223645487746,1,1,0.0
2022-03-01,80.915167692229,73.20449689018906,14.577708740095805,1,1,1.0
2021-03-15,73.7915078525296,95.13334881389643,23.64038430830751,0,1,0.0
2021-12-29,86.40084091782136,112.64716813185849,22.56479287637236,1,1,1.0
2020-05-28,62.05648758549934,89.62232349129663,22.986789937941715,0,1,0.0
2021-01-07,63.13899428205462,125.91409725716812,23.7852307897552,1,1,0.0
2021-06-30,74.32304640903453,84.7130052831608,22.320757403554303,1,1,0.0
2022-05-13,59.103272296597545,117.10492024627041,18.41673145104405,1,1,1.0
2020-12-10,83.45231447660423,85.65860359916391,18.120436421909087,0,1,1.0
2022-07-03,71.25394463563278,71.894896365307,24.03101404417312,1,1,1.0
2020-01-15,65.1141781278191,77.2311788610799,12.614499004130295,1,1,1.0
2021-12-23,67.1125724519308,95.02152940429701,26.484304631454247,1,1,0.0
2022-09-08,66.9054438051301,96.738649093368,17.081418180630457,1,1,0.0
2020-08-27,54.71219332544709,109.04038111363724,26.862532099593388,1,1,1.0
2022-02-16,54.901542180998575,79.9216366665728,27.101235195449252,1,1,1.0
2022-04-16,64.08769068645685,85.31564995179338,29.92798695817251,1,1,0.0
2021-09-28,70.23039289666853,111.74250713077957,25.655205329975114,1,1,0.0
2022-04-09,77.71419014097704,83.6004162007165,23.296581113866598,1,0,0.0
2022-07-17,59.80160792073767,99.34272960229579,7.205323961847135,1,1,1.0
2022-11-11,83.97902639798214,132.99793581117828,27.298179169332123,0,1,1.0
2022-08-27,68.31980856079596,81.49274113933119,22.315786263404657,1,1,0.0
2021-10-02,76.07311008970154,93.42712892157742,27.428832111374362,1,1,0.0
2020-07-13,60.78816521387168,89.81648300535112,18.483063121441653,0,1,0.0
2021-06-18,82.85138711471802,100.47568920549915,22.195802858871623,1,1,1.0
2022-04-12,82.35313874198499,93.78468287996999,17.252836053298726,1,1,1.0
2021-06-22,85.45339992547379,104.70839120702671,10.688711384831242,1,1,1.0
2021-06-02,82.44196146184994,114.52932207438832,19.76198700664871,0,1,1.0
2021-02-01,78.14357263704792,84.3884597373387,18.310887125190543,1,1,0.0
2022-01-22,63.66106841827747,101.90381184262989,16.197273100415934,1,1,0.0
2021-04-29,65.17925398572949,93.56404239024334,17.450063461703508,1,0,0.0
2020-09-03,80.41923704634216,108.41641993628288,25.485718245141346,1,1,1.0
2020-06-04,51.383338196326534,119.3678150438725,23.465559862928476,1,1,1.0
2020-12-29,61.95468612300124,97.30046540193848,17.182433323784853,0,0,0.0
2022-06-09,61.77162649225885,78.12992416718191,22.14275567426087,1,1,1.0
2020-05-29,57.348033586229896,101.35646767616147,23.66957950800925,0,1,1.0
2021-10-11,71.95714826849033,135.6310735046747,23.297759292944296,0,0,0.0
2021-03-03,71.62091073253436,112.19814055926791,16.19745395678102,1,0,0.0
2020-03-15,65.08693768585378,105.4999383231952,12.108499770191445,1,1,0.0
2022-08-25,65.99019347459287,71.08018176389716,29.531578887565914,1,1,1.0
2021-09-25,74.5838825528583,99.25888117770569,21.146687761559157,0,1,0.0
2020-12-30,65.99688931591893,85.76777501305801,12.00243356247008,1,0,0.0
2021-08-20,54.83214144574286,126.10764578841864,7.459052782763848,1,1,1.0
2021-01-01,85.03715372718234,86.85469445829429,12.569318550407715,1,1,1.0
2021-10-20,61.99739066879955,89.62639921003424,21.9965669151027,1,0,0.0
2021-12-02,68.9589247177117,99.79168624110689,23.259334034049274,1,1,0.0
2021-03-15,54.03688975357158,89.11724641071294,19.631035826238705,1,1,1.0
2020-01-26,58.53058182237575,47.69261820619295,21.50978294817074,0,1,1.0
2022-01-16,67.94120016686752,96.71391511592287,23.283232833690775,1,1,0.0
2020-06-25,71.44572309118475,122.11314293138226,9.002484203708557,1,1,0.0
2022-11-16,75.37722795327166,114.31924304338322,25.581591655060592,1,1,0.0
2020-08-13,46.459606513334094,102.19515604690864,19.220312612417477,1,0,1.0
2022-09-30,61.93806477358724,123.56605632996391,15.436235039842064,1,1,0.0
2020-07-21,52.65218411863744,105.68457923163665,17.29059540975264,0,1,1.0
2020-12-22,73.92458749781862,110.96490614213103,21.207086482104188,0,1,0.0
2021-04-03,67.39654135396268,93.78480146553315,26.07288755173459,1,1,0.0
2021-12-21,72.29932978382762,70.37256624613013,15.832897672425776,1,0,1.0
2021-02-18,71.21369747821248,78.4427289955794,20.367666602851575,1,1,1.0
2021-06-25,82.89212815130712,111.52445763980967,22.68360433709848,1,1,1.0
2020-02-06,68.07109578865274,63.797995198632115,28.141113182016817,0,1,1.0
2022-12-17,68.31199928182619,107.18558451257262,21.55957353590881,1,1,0.0
2022-12-04,58.78699361167687,88.67209531584459,26.242104585180584,0,1,1.0
2022-04-10,60.27937290326319,93.81896368396227,12.415088432727995,1,1,0.0
2020-09-29,63.933398497095695,51.005136740465105,13.768541234297036,1,1,1.0
2022-01-27,74.04618480821824,127.50840989858162,13.179282531870431,1,1,0.0
2021-10-27,59.1210650243577,117.7082820293522,10.908862176569162,1,1,1.0
2021-05-11,66.50715118634942,98.15824546186198,11.841284525431337,1,1,0.0
2020-04-02,61.97076155384621,115.06731376906612,19.81422107176887,1,0,0.0
2022-10-26,61.290878837813715,71.77859012785244,15.593805810224126,1,1,1.0
2021-11-11,74.57525218642463,112.900178612059,20.608860358867712,1,1,0.0
2020-04-18,57.77549932264709,89.97827710974825,19.23852695103158,1,1,1.0
2022-08-26,66.64729822597963,80.43293927190138,18.616788178562555,1,1,0.0
2021-04-18,72.00536724469697,88.08179698952993,20.372292240612243,0,1,0.0
2020-01-20,55.854661594642806,110.38544663700513,26.97200885088256,1,1,1.0
2020-12-16,88.29348085621331,120.0535563786483,21.43168062146503,1,1,1.0
2021-05-23,50.875097884493876,97.30026247829888,26.557458171247802,0,1,1.0
2020-02-16,67.40375846957673,79.25934173934446,26.206477486081145,1,1,1.0
2020-12-12,64.77296303938529,87.95981448270594,14.416911630127379,1,1,0.0
2022-06-23,58.10239370342954,103.82343445650778,29.79636797221579,1,1,1.0
2021-04-09,62.95904827662394,104.56553386174105,17.806318827530053,1,1,0.0
2020-04-07,39.754824926004915,63.63511872446033,17.92461795740713,1,1,1.0
2021-04-08,74.92089772938272,109.60321474111778,13.770698138381263,1,1,0.0
2021-09-03,85.88217815086698,74.32487744371109,13.485972686967202,0,1,1.0
2020-03-28,80.18692780250504,96.3130041066462,14.88860363047097,1,1,1.0
2020-12-18,66.54468467812859,79.0032841820414,22.34089644502783,1,1,1.0
2020-03-12,70.16711439213063,103.44136935175781,29.139202214548128,1,1,0.0
2021-02-02,66.46281967112239,92.14700365603656,26.718158268224354,1,1,0.0
2021-12-21,56.66122971625379,79.40300822740677,13.042438401550047,1,1,1.0
2022-03-02,68.07200725440245,78.2498003720405,25.00221365661377,1,1,1.0
2022-12-20,73.79469629683639,91.13119890658582,22.95382623252752,1,1,0.0
2021-08-21,78.15504740190235,109.06832431512643,20.589442038366883,1,1,0.0
2021-01-13,74.39688924968465,106.27439153553573,23.219900575346422,1,1,0.0
2021-09-25,61.739874037346254,107.67898965705216,13.670394988599046,0,1,0.0
2021-07-09,62.90038909249738,84.82292440872959,26.561645445546702,1,1,0.0
2021-03-17,64.45231482030846,98.21125893019406,15.695094074663416,1,1,0.0
2021-08-28,55.408409365361635,101.46043644111553,18.36453917416672,1,0,1.0
2021-06-06,70.11217200103333,106.73837503913644,21.17906056985688,1,1,0.0
2021-11-23,77.23464881508768,84.76684162725742,19.16265073654352,1,1,0.0
2022-07-04,71.70726015433517,78.87554943379872,20.120815183316175,1,1,1.0
2022-08-24,63.519285337234244,78.59863465029754,10.159820127212502,0,1,1.0
2021-06-24,61.85376347651393,111.35257021820962,19.203414271107345,1,1,0.0
2022-04-24,72.5179631149242,71.84712425446337,24.15174028336547,0,1,1.0
2021-03-26,74.68956175853263,81.49994439601183,18.303842588722457,1,0,0.0
2020-02-17,69.4169126912557,74.86592054251105,16.861855166112285,1,1,1.0
2020-05-15,59.079796698339976,117.93667893650142,18.083263813247168,1,1,1.0
2020-12-05,67.31023119842868,101.24355149377382,18.45283208937559,1,1,0.0
2022-07-08,79.14013202605098,70.61590117865794,25.32127854720707,1,1,1.0
2022-10-23,77.62604598627237,82.262670355686,16.666128285359616,1,1,0.0
2021-08-08,71.79370171223364,109.59825188720376,15.14433666025667,0,1,0.0
2021-06-20,63.49606954727144,98.37251553751119,10.515691698915546,1,0,0.0
2022-04-29,59.29781271380675,90.64442611107643,22.632575831545225,1,1,1.0
2020-07-31,77.54344544305616,121.77385967111194,13.827747365059466,1,1,0.0
2021-10-08,66.98616135068112,79.32689667840367,21.689827994972312,1,1,1.0
2022-08-08,73.58508398341772,115.04961828888072,13.354952529455641,1,1,0.0
2022-12-07,71.34057755921454,114.647994147214,21.246671805306487,1,1,0.0
2020-09-03,57.32237037843076,147.69163902531818,12.075697912739926,1,1,1.0
2021-04-03,86.76608448643637,100.76103344535893,19.850482016011163,1,1,1.0
2021-06-04,76.68377854515452,79.51869673881698,20.289495595454717,1,1,1.0
2022-11-03,58.4491249978201,79.82287196070669,12.01058571258704,1,1,1.0
2022-08-01,85.42178162514462,111.90427366475097,5.324338659111627,1,1,1.0
2020-10-26,71.31593984745815,124.7020618543757,21.437415849325355,1,1,0.0
2022-08-21,62.26047769439043,88.31765160507705,27.66301546846065,1,1,0.0
2021-04-06,79.3140962386651,103.49416014918883,16.310091656159443,1,1,0.0
2021-12-28,62.67397980017232,76.3553478217641,18.04718070819398,1,1,1.0
2021-03-18,64.87280223937945,103.16772693109316,15.069258458683972,0,1,0.0
2022-02-04,63.43799384775371,108.72100255976669,18.66470633101105,1,0,0.0
2021-05-15,79.58146271681835,74.58152929420987,23.042975194458904,1,1,1.0
2022-07-04,69.24653994274817,77.2494162523111,17.484239463198342,0,1,1.0
2020-04-10,76.3620294103118,119.86048627953892,15.862886096038617,1,1,0.0
2022-07-06,51.562545162293006,97.45259354339888,32.22279920888515,1,1,1.0
2021-04-05,67.30102571273635,80.04169611903441,20.50100411429349,1,0,0.0
2021-06-30,69.78063366537718,103.6195582678349,17.26694792722938,1,1,0.0
2020-06-04,67.6617340051123,114.28996595271218,25.082176165278796,1,1,0.0
2021-07-02,78.71880487499004,105.37258373972064,21.103732145972646,0,1,0.0
2021-12-05,92.3509052823382,126.3355757658789,16.74678112742209,1,0,1.0
2021-05-31,70.70485572560045,91.34551732052029,21.644908382001184,1,1,0.0
2020-09-11,64.74993741511302,115.91804740956194,10.739893612151404,1,1,0.0
2022-09-05,85.56354380645644,114.60853045944829,18.782495270113266,1,1,1.0
2021-09-09,73.96330939098888,93.154304685159,19.369097742791464,1,1,0.0
2022-08-12,71.11840281990337,106.182849035258,25.70773516845336,0,1,0.0
2022-09-21,60.467028369176774,135.57381248206696,9.022489467636511,1,1,0.0
2020-04-07,76.18281932294119,89.41294967606652,18.413314805052167,1,1,0.0
2020-02-26,87.89490457196513,98.00259306512227,14.833531921790854,1,1,1.0
2020-12-11,75.30977612201616,121.13743777436069,14.846322331288745,1,1,0.0
2021-09-01,63.60683848405407,73.27773622111332,21.167470852080143,1,1,1.0
2020-06-02,79.5330167564786,111.65680295224577,19.664303009638424,1,1,0.0
2020-01-04,76.3945661311093,66.12993967353576,21.505341237559925,0,1,1.0
2021-10-03,72.77009208281197,92.89349291529986,19.189866448720196,1,1,0.0
2022-05-25,69.68843414233646,111.59889569875855,25.107403510022383,1,1,0.0
2022-08-30,71.4679477686083,122.38067876556498,26.30092374239546,1,1,0.0
2021-06-05,75.8474430370503,74.4869290297795,20.821604113053688,1,1,1.0
2022-08-02,82.40616878893505,89.76227647147199,9.524149446038523,1,1,1.0
2021-06-03,68.12824719549313,75.18262572681869,18.502559451593143,1,1,1.0
2022-07-28,60.48201920221597,115.56151579380342,15.863989664462672,0,1,0.0
2022-07-21,85.15841394730971,86.32604659028168,20.93748134093295,1,1,1.0
2022-11-19,71.84186210456822,127.51639036806398,19.41765593898795,1,1,0.0
2021-03-27,73.060980929082,95.06571088367129,21.530221019315924,1,1,0.0
2021-02-22,68.02313328147281,111.61885956608018,6.54683208574151,1,1,0.0
2020-07-23,72.33872852388201,99.5774757109627,20.534842204105754,1,1,0.0
2020-10-11,69.95645626560251,100.72325116500532,16.103995009950445,1,1,0.0
2021-01-28,76.20153705535049,120.318951155191,11.435104742507471,1,1,0.0
2021-02-16,62.02947696739557,134.37643490466672,17.163034257275154,1,0,0.0
2022-06-07,53.207109020049906,112.45115464605806,23.097431327013027,0,1,1.0
2020-09-21,78.12136603704671,57.35577896574088,21.32818272296814,0,1,1.0
2020-09-03,72.64591585393318,80.1895365137829,13.109927209023168,1,1,0.0
2020-12-24,54.045243518931194,74.29324035095547,20.99148504017664,1,1,1.0
2021-02-23,54.72565282481597,122.63426063405545,29.365803928135364,0,1,1.0
2020-09-20,58.15633854575155,80.41324861480456,18.627912765023073,1,1,1.0
2020-12-12,96.68534718234622,106.42547851240758,15.830912797342458,1,0,1.0
2020-07-29,71.19715566218223,129.6477711550001,14.800792333540327,0,1,0.0
2022-08-04,80.55273204021114,71.5246236378628,20.797748132016654,1,1,1.0
2022-04-20,63.84170726183883,116.2742282725147,21.01685858326381,1,1,0.0
2021-09-11,63.151941023059024,87.75071053438008,17.8693325286933,1,1,0.0
2020-09-24,64.01663954618874,102.81092020332933,18.608915182773952,1,1,0.0
2021-08-01,52.7693303804065,99.85604576381344,25.214872222040697,1,1,1.0
2022-05-17,75.23103819812066,87.41962099143603,16.807592805588023,0,1,0.0
2022-11-16,78.07367638415785,103.28810137611046,23.884839864953587,1,1,0.0
2021-07-29,55.53851586491997,79.83908237485795,22.85956358083109,0,1,1.0
2022-02-16,74.3123385419892,120.43725364549218,11.967315552415812,1,1,0.0
2021-09-23,67.58587532350435,77.98895654056595,27.834857640139248,0,1,1.0
2020-12-25,64.41566833625072,84.75616101298218,13.16485796877574,1,1,0.0
2020-09-20,77.70997807353139,112.38298554416558,17.1622160493325,1,0,0.0
2020-09-12,72.6006939530019,61.958192172813455,11.977860039071121,1,1,1.0
2021-07-10,52.82869161574763,119.9303955966966,19.779407135051688,1,1,1.0
2020-06-08,73.97950181337879,84.4477796478727,20.64430744778174,1,1,0.0
2020-02-12,76.76838527272936,108.73522167704161,22.41713145657784,1,1,0.0
2020-02-08,64.29191434037143,123.69492367768882,18.449769265580482,1,1,0.0
2020-10-28,59.62256565882569,73.63750415606687,18.254235394055673,1,1,1.0
2021-08-14,60.955251467719535,110.81047927737333,19.665663133550883,1,1,0.0
2021-02-07,83.91716575449551,101.36868875239671,20.438786688460436,1,1,1.0
2020-08-24,67.76619186989846,109.79841262204394,21.90514904570854,1,1,0.0
2020-12-14,85.32768429796354,90.57459083814189,25.180476310395235,1,1,1.0
2022-10-09,76.96798811614477,104.92092135046593,18.163828114569128,1,1,0.0
2021-09-12,69.4859706643716,93.97564881051993,19.14474377555931,1,1,0.0
2021-04-12,79.52749467742566,110.4177153651818,21.06642992294702,0,1,0.0
2022-09-12,68.6372223184147,112.54138368062362,18.584431382876332,0,1,0.0
2021-04-24,65.65008400018476,90.99950670455486,19.30410349310891,1,1,0.0
2020-07-11,57.37499218052412,71.75703834749584,26.559575351275388,1,0,1.0
2021-04-01,60.92959899198867,103.69981188630928,18.745473843733723,1,1,0.0
2022-09-12,70.55424175281115,122.81586625235505,13.769485500031017,1,1,0.0
2020-08-29,60.38325806777146,141.14718330573012,13.338341787215445,1,1,0.0
2020-02-07,89.88518154209822,125.0674688863026,19.440014176238222,0,0,1.0
2022-05-23,77.37664150681718,90.09707845800442,21.17199858601191,1,0,0.0
2022-07-23,54.23747782369093,65.2238357462274,19.064544452432504,1,1,1.0
2022-03-24,63.11329927112284,138.52043852269188,23.062869706698475,1,1,0.0
2020-08-16,68.82112983049146,119.52831079996655,29.478874404677924,1,0,0.0
2020-04-15,67.90748951085011,90.97519445196492,15.394050428962293,1,1,0.0
2020-03-21,71.32182995694679,59.62256440877586,21.426589300861203,1,1,1.0
2022-05-29,71.49108879275747,66.47922825301318,19.444013544763454,1,1,1.0
2020-04-27,70.64655744935868,125.8411519566459,14.798603557934122,1,1,0.0
2020-01-27,75.05949442943262,94.11988640731919,20.207986190304478,0,1,0.0
2020-01-08,69.6018990858923,63.1317708917865,23.69828677978464,1,1,1.0
2022-09-27,74.95984801537087,89.7305308503556,21.515972037130577,1,1,0.0
2022-08-17,55.424949644702046,64.75050184169555,26.525776142199692,1,1,1.0
2021-10-09,66.73457632430495,128.17367739356916,25.44104256529129,1,1,0.0
2020-06-05,82.52614146143199,109.03790802255344,17.580635165379007,0,1,1.0
2022-05-11,72.9987006827421,116.17101487805473,21.09869897286072,1,1,0.0
2022-10-18,70.51649640476593,114.43975237647071,15.777185073726272,1,1,0.0
2022-03-28,85.7893391460948,118.75499155628636,27.64075838435612,1,1,1.0
2020-04-19,55.25810540352518,122.73230117287234,18.74794872371963,1,1,1.0
2021-08-19,69.94695909583325,76.70544430240301,31.63007041066812,1,1,1.0
2021-05-28,75.14405153557867,131.22490693547599,21.4628573111167,1,1,0.0
2022-06-10,45.461393570593785,84.25938825203156,12.003568975624038,1,1,1.0
2021-09-21,70.94729158000386,100.68896214449836,32.18102502471548,1,1,0.0
2020-10-30,66.02181785565183,84.45232957956742,17.857284805853713,1,1,0.0
2021-09-20,85.78824689017895,92.6093654783051,11.849529693093947,1,1,1.0
2022-08-14,69.25491107054005,147.3781375139787,19.488377874350466,1,1,0.0
2021-05-28,70.18247058066166,82.21470200749806,18.41854197017673,1,1,0.0
2021-01-23,66.96545816970932,80.04081053247562,29.887315955071422,1,1,0.0
2021-04-18,62.33925625542204,94.99052720664312,16.764478184898017,1,0,0.0
2022-04-14,68.46373377009672,99.20070432633275,21.698779482264253,1,1,0.0
2020-06-01,60.64526329001282,90.14667714561557,22.002125123618146,1,1,0.0
2020-12-18,66.51988815034409,121.46955100208648,10.089355895164317,1,1,0.0
2021-08-17,86.57242487295514,87.09677925771885,23.57985171735274,1,1,1.0
2021-04-02,75.98899499480329,91.11451533257454,23.918774463230925,1,1,0.0
2022-11-03,88.84375450827349,81.88154305011642,20.60533136282895,1,1,1.0
2022-05-09,68.97744008691576,117.37917752281962,14.277097890602903,1,1,0.0
2021-11-19,66.1136250744208,104.96643906213993,12.083388639840162,1,1,0.0
2022-07-12,77.14974334200434,112.98899826584366,7.344761656752825,0,1,0.0
2021-03-12,67.52856767733275,129.94357586990077,30.073273652947478,1,1,0.0
2022-07-10,72.35894433174762,94.02902648494157,23.777875027498013,1,1,0.0
2021-02-08,81.02408083847709,84.18796425180646,25.17423365669513,1,1,1.0
2020-03-25,82.19575479909348,79.51450293182057,31.55726328008449,1,0,1.0
2020-05-08,67.03568777266314,105.07472373865795,25.615029288936782,1,1,0.0
2022-01-28,72.89423907592156,123.11654672221158,11.404783849591793,1,1,0.0
2021-05-18,79.87206780718735,83.25582050545587,19.229500706720593,1,1,0.0
2021-10-20,63.73991066029831,119.38992013972239,16.48608326870102,1,1,0.0
2021-01-22,65.22191850229105,122.24299800251471,21.285405707271547,0,1,0.0
2021-04-08,83.29929772026948,83.08368551207363,23.930779755244227,1,1,1.0
2020-10-16,72.33807504225787,126.55362541842184,24.649575219924643,1,1,0.0
2022-10-06,73.27610014058577,58.29626285638105,25.716148040515534,1,1,1.0
2021-02-21,66.43667624663442,81.73737959983026,18.68035821661877,1,1,0.0
2021-01-09,79.90275403876458,106.3462579627709,26.65120101298957,1,1,0.0
2022-11-16,83.44098200992909,109.70189017775999,26.522783695329764,1,1,1.0
2020-02-27,44.85701618117668,115.23710267123037,21.52312368839709,0,1,1.0
2020-08-03,98.389439987328,129.95861391598774,23.544988384096847,1,1,1.0
2022-10-06,59.77714268040975,90.05857198942829,16.077964255766588,1,1,1.0
2021-12-02,92.18845022281305,101.44373272239089,21.351316034531077,1,0,1.0
2022-11-01,62.05833221205462,94.08650300952648,21.480500873717396,1,1,0.0
2021-09-17,78.03506360956743,90.16585773364184,10.841369860388783,1,1,0.0
2021-12-01,63.19566649548836,105.58579973556216,24.506886208901896,0,1,0.0
2021-04-29,62.37284949533244,105.07086503210198,20.70477120985779,0,1,0.0
2020-07-06,79.4132155328406,89.65502331186184,23.709340949638197,1,1,0.0
2020-09-29,71.92365662770621,101.71433175552596,22.921834280075334,1,1,0.0
2022-10-22,65.23839663977054,73.14468531764534,8.544741341845894,0,1,1.0
2022-05-05,77.42234360046484,108.70203711312206,18.74556027986248,1,1,0.0
2020-07-11,68.52755955362686,88.35264808056684,12.750328367566915,1,1,0.0
2021-11-30,60.26435843366495,99.55317352623918,22.670105956972193,1,1,0.0
2020-10-11,68.7000245403398,83.01574039637177,17.84549952046767,1,1,0.0
2021-08-10,72.04908469696512,110.99695710386419,22.704580745846748,1,1,0.0
2022-04-07,61.20214414553926,125.77855869568688,14.381256938082085,1,1,0.0
2021-05-27,76.80762919520821,70.52128251458498,16.6647499371063,1,1,1.0
2020-12-19,78.99451430835182,110.23655811797644,18.696155285851578,1,1,0.0
2021-11-22,89.19575521753463,97.6497128143967,18.21061574152153,1,0,1.0
2020-07-02,75.20301896211907,111.76060514567304,16.73179776616287,0,1,0.0
2021-11-23,72.95149248590126,111.46551752095235,20.58266200963885,1,1,0.0
2021-08-01,78.62356742013912,119.42047975875087,30.811619684887642,1,1,0.0
2022-02-11,60.133091634404856,95.63964986712715,19.556058655920243,1,1,0.0
2021-09-16,68.49888927685437,107.6639131926064,27.783969753578916,1,1,0.0
2020-04-12,72.5902055828964,132.38494615209464,20.070025849462873,1,1,0.0
2021-07-08,70.5789074195126,120.74256866787437,18.895946707676963,1,1,0.0
2021-06-29,84.83452013152407,92.94654855853443,16.756563922148352,0,1,1.0
2022-04-20,66.95566685459796,94.65042082202743,20.246003993352957,1,1,0.0
2020-07-10,74.00538812060407,100.83680649105777,24.992865303486457,1,1,0.0
2021-06-18,65.6510814792432,118.36851032343509,20.209367064968585,1,1,0.0
2022-02-22,91.11976375168558,99.48818842222323,18.83740219082953,0,1,1.0
2020-08-23,74.03627583392384,90.5653259214014,22.19413514610978,1,1,0.0
2020-02-11,61.14642954308768,80.88279775238544,21.4956354945744,1,1,0.0
2021-03-22,96.47760338682743,132.5147950737708,14.517809644988473,0,1,1.0
2022-12-11,72.26379099890164,89.50397113011104,19.61700929363444,1,1,0.0
2020-09-07,65.94917345219315,85.01332076352018,17.424452337873813,1,1,0.0
2020-12-10,76.73085907005787,95.15476328506242,24.19825350696037,1,0,0.0
2021-04-08,79.37607156028062,104.0833411413845,20.011780153249564,1,1,0.0
2021-05-12,77.57394995628708,102.55319866894524,19.617615832331843,0,1,0.0
2021-12-19,81.42473019544425,117.58034477055585,18.083868190082402,1,1,1.0
2020-05-24,58.33527544960322,92.69977323702835,14.710407255499932,0,1,1.0
2021-10-22,67.88916515526185,126.61701776241085,26.027133192397958,0,1,0.0
2020-12-20,66.35857269440592,111.23171166718711,11.363217797429439,1,1,0.0
2020-02-24,77.06708584641942,139.3159107506454,22.571716079926013,1,1,0.0
2020-03-18,61.18922161521799,83.46000388317876,22.717490266038084,1,1,0.0
2020-05-26,55.65040526621969,56.23739873706267,21.11746421212972,1,1,1.0
2022-12-15,66.17353100842121,113.43314416437318,22.367510157118573,1,1,0.0
2020-03-22,84.15071136012335,91.18659028802469,25.20172511258042,1,1,1.0
2020-03-28,57.27799298251398,88.19464793683642,19.8881396349709,1,1,1.0
2022-11-07,53.47904795355102,114.29726459131777,7.5483188812959305,0,1,1.0
2022-01-15,88.91073376154242,97.98871036990849,7.761943886941669,1,1,1.0
2021-10-05,69.9670384533622,80.71081496404373,14.89295672240163,1,1,0.0
2021-09-08,79.23960020980898,90.4517906192677,20.679160460684987,1,1,0.0
2020-02-21,80.03184889761444,124.75633137917359,21.803760876687377,1,1,1.0
2022-01-05,70.56637157883047,118.86774902127661,28.07053034296526,1,1,0.0
2021-03-21,81.4618047380719,106.67368947743617,19.124329145635414,1,1,1.0
2021-12-26,63.39538008555824,101.49149127520606,24.011568590406355,1,1,0.0
2020-09-18,79.30989405594693,100.44544715453121,20.490335217273415,1,1,0.0
2021-04-11,74.91174190929131,111.19872861539386,18.798460318258538,1,1,0.0
2022-06-05,65.99022772390742,81.73041887882133,21.971587356966666,1,1,0.0
2021-10-05,75.52556427723702,74.79585836980107,20.227522528637753,1,1,1.0
2022-11-07,82.3100393848716,100.61197089010696,24.43153821899222,1,1,1.0
2021-09-18,58.240142888557614,97.81770952730217,21.080478877825104,1,0,1.0
2022-12-10,68.68969657655417,136.59651455780693,23.498457670586024,1,1,0.0
2021-11-07,85.28892354049965,104.3629924796027,23.271434078107994,1,1,1.0
2022-06-03,73.76455519914165,111.21575432686934,17.546112067905216,1,1,0.0
2022-09-01,67.46304407407777,75.02519235762311,29.702310788562357,1,1,1.0
2020-08-06,73.72770001254011,88.36278571827717,22.743419044343735,1,1,0.0
2020-06-29,56.76395054023673,110.00699683190749,21.27549007809507,1,1,1.0
2022-01-21,71.72729415840021,132.58685422503297,26.76714374378126,1,1,0.0
2021-12-27,82.33334407436132,104.12506463505517,27.18388652124851,1,0,1.0
2021-01-28,90.01592569318149,113.7310789849766,13.556260586113236,1,1,1.0
2021-02-14,83.23802030249222,88.7782755533894,13.067325437610961,1,1,1.0
2022-11-08,61.92366565275498,109.80323960277286,13.938142314405972,1,0,0.0
2022-04-25,71.39066629670445,92.66927542190223,16.265050626448343,1,1,0.0
2020-03-06,68.97941072833058,106.02035589599417,29.145608626381573,1,1,0.0
2022-12-28,93.04012443885377,121.27706927417512,20.512128915649775,1,1,1.0
2020-03-23,69.70556748346033,78.00364873334831,29.858907073479344,1,0,1.0
2021-03-17,67.95820091005032,88.05710548360264,12.60986978790857,0,1,0.0
2021-11-14,76.77309507540114,111.50529099858524,22.072799360887554,1,1,0.0
2022-11-03,81.8881882993054,104.21855649739449,14.268804403314816,1,1,1.0
2020-10-13,85.86358776685286,74.38388802708772,25.722702197116575,1,0,1.0
2020-05-09,63.357455270501866,130.9100035652893,20.411695963588397,1,1,0.0
2022-05-24,69.48728117248632,92.76795077301105,26.648622214174267,1,1,0.0
2020-05-08,81.35761852057064,86.8847087456394,16.569983870470494,1,1,1.0
2021-05-11,71.01849579041459,133.93409499588088,18.79017040623785,0,1,0.0
2021-09-16,53.69336489154135,83.87694791875437,9.577060283321314,1,1,1.0
2021-05-12,71.14974969296854,83.86537129491957,20.837168415764527,1,1,0.0
2022-06-17,95.69731866010116,61.1470151693475,9.786260015302465,1,1,1.0
2022-02-10,66.49780609675899,60.19077514518237,25.316535677760378,0,1,1.0
2020-12-25,40.63265122810362,85.88174627899875,21.689432614892755,1,1,1.0
2021-04-05,45.37302819003919,78.3223938839476,35.06594475898043,1,1,1.0
2022-06-17,77.91601788328231,75.15191501377944,8.12787465439994,0,1,1.0
2020-05-19,59.02757992606077,111.7078246265177,19.51049348130755,0,1,1.0
2022-08-17,54.04408832301179,107.18580183221464,25.564968284463504,1,1,1.0
2021-04-04,61.73457437730107,80.3017892094836,22.394323475197996,1,1,0.0
2020-02-11,67.58660699914267,72.31827150069651,24.079723274870428,0,1,1.0
2022-09-05,57.18737440920485,109.04439278509086,27.048230841292717,0,1,1.0
2022-03-07,87.55785184263674,123.93042984744636,20.481223145479504,1,1,1.0
2020-12-26,60.53975006926068,88.86361378655583,15.258373698919359,1,0,0.0
2020-10-10,82.44961180753026,94.35350810886735,19.564209471667827,1,1,1.0
2020-11-21,53.357345601791046,129.3768544057142,23.15878042431098,1,1,1.0
2021-03-04,57.07835960448152,64.81077776208006,9.051857796585763,1,0,1.0
2021-02-13,62.469312328463914,131.54963377416152,21.954790328799326,1,1,0.0
2020-04-15,65.0069119864284,110.26158335157604,18.809686486866443,1,1,0.0
2020-05-28,75.17727504446815,146.50372609107973,24.741752319618087,1,1,0.0
2021-12-24,63.6950720658066,102.8821458291297,15.622422266504886,1,1,0.0
2020-09-30,73.02824663127141,95.61319185942043,17.42281882704267,1,1,0.0
2020-05-10,65.48092144517473,108.28560234980576,14.22692533824133,1,1,0.0
2020-10-07,48.09906624120488,92.82984831462805,20.75215289054635,0,1,1.0
2022-10-01,72.92576915701918,106.12789198014978,21.117057291252816,1,1,0.0
2022-03-04,73.85111103072285,97.96318478574575,25.260538474939402,1,1,0.0
2020-07-26,62.648422240134344,101.335233575045,12.306655713295648,1,1,0.0
2021-10-13,77.36983766595661,121.03927612199723,13.089199557708962,0,1,0.0
2020-05-09,88.66431714232267,63.925658468063624,16.42820006093944,1,1,1.0
2021-10-23,74.3636311022557,57.08651893819656,28.633272735280915,1,1,1.0
2021-08-03,76.29512687378975,107.43196856741949,22.482603257949417,1,1,0.0
2020-02-26,57.73736319376137,111.8657683122284,19.71896746157009,0,1,1.0
2022-05-27,87.34300579768443,118.70613051933684,23.044524724657325,1,1,1.0
2022-05-26,68.75591559267815,126.38231845539804,22.274531456936412,1,1,0.0
2020-03-30,74.22208589431094,101.80047409225199,18.38173780181973,1,1,0.0
2022-08-29,74.19431479966387,114.3338924163621,19.08854873369611,1,0,0.0
2020-10-30,70.00128280833304,81.6965238916879,24.46826061118863,1,1,0.0
2021-10-30,62.66726400941994,79.68742131411473,22.03232059029636,1,1,1.0
2022-09-16,76.29750256956238,66.32154366353475,17.895624923908066,0,1,1.0
2021-09-21,81.15084347967009,107.90661967078633,22.80499633123164,1,1,1.0
2020-07-10,58.203704685482705,142.8474244995075,19.906445821742164,1,1,1.0
2020-08-08,65.97877299827084,85.51136687249296,21.89080557632955,1,1,0.0
2022-07-22,77.92425330760747,73.48809972275937,15.327737831790586,1,1,1.0
2020-03-11,73.82845960838925,96.04245229792984,24.573696544691515,1,1,0.0
2021-11-16,62.03338579652161,92.31918676827928,21.12019150068904,1,1,0.0
2022-12-25,82.42431392152884,104.27121919251496,23.226346062680374,1,1,1.0
2020-01-04,84.41860622387144,97.41242490422773,13.852537519146537,1,1,1.0
2022-04-29,90.91516460522999,118.8331659602609,15.224992296520895,1,1,1.0
2021-07-08,54.74292018347374,77.70775409395216,14.344961399328412,1,1,1.0
2021-03-27,51.406446428721736,131.89309572306098,17.49449364466484,0,1,1.0
2020-07-03,86.27621976888072,133.55419591473452,16.840059719101045,0,1,1.0
2022-05-17,55.813676369401925,115.14729771650421,20.60749622938032,1,1,1.0
2022-07-22,64.64579267267648,94.08307615014843,17.53291799252214,1,1,0.0
2020-02-29,74.32636137682154,91.5190958893024,25.566357892648792,1,1,0.0
2020-02-01,94.91473286256111,97.00937690151274,25.191213702095947,1,1,1.0
2020-04-14,77.34605313695313,87.97339786616615,16.56234136639869,1,1,0.0
2020-06-02,71.57867442610326,121.75068081172586,14.785272866760028,1,1,0.0
2020-03-07,69.10769662419368,90.55765928364156,24.651615743694368,1,1,0.0
2021-09-04,70.35209424196357,91.74755534785349,22.115885867975514,1,1,0.0
2022-09-28,65.60572623347824,102.53156628370917,20.3476755836996,1,1,0.0
2022-02-16,80.88961836874819,129.54238491597383,16.161401599633535,1,1,1.0
2022-11-11,72.43770960810001,56.328828913790126,13.950700558998859,1,1,1.0
2021-12-08,73.71355323264129,102.80633807389606,19.474714629985346,1,1,0.0
2022-10-29,73.0517567691551,131.87382098045998,26.677159836766137,0,1,0.0
2021-03-24,71.42170097101476,80.47251772868212,18.32886906421023,1,1,0.0
2021-10-31,68.95004179093652,94.15337881443297,19.172215630189616,0,1,0.0
2021-07-25,86.53934614353926,68.757966578646,27.434387792768003,1,1,1.0
2022-06-10,65.83608708094695,73.57890911202503,27.555430164984188,1,0,1.0
2021-12-29,66.88393707605285,69.79528395959122,16.54782652214418,1,1,1.0
2020-01-08,41.805929557231444,100.15207516713427,23.295933590312295,1,1,1.0
2020-04-21,70.2473419949683,63.862946667668396,11.320905705258038,1,1,1.0
2021-01-19,76.8858226498345,86.14648621206418,19.9966522626147,1,1,0.0
2020-12-29,81.44998041410072,137.93377772034344,18.84653457668189,0,1,1.0
2021-08-22,61.775227033387154,70.84414002866697,17.1366572207464,1,1,1.0
2021-09-03,70.95436373979837,81.76512003135397,15.547025293497967,1,1,0.0
2022-01-05,91.58205754318692,84.84522910310875,25.30045385535523,1,0,1.0
2021-08-16,75.4064795421095,119.46068016081541,19.27165966123605,1,1,0.0
2021-03-21,59.39540035314164,92.16747337769434,21.04649154624568,1,1,1.0
2021-02-09,62.49737121325106,83.51323889511929,19.672346150478113,1,1,0.0
2021-07-27,56.28696871423971,111.59464092517813,23.353311177548555,1,1,1.0
2021-10-13,93.35349666017815,118.02631131584903,24.24606387276146,0,1,1.0
2020-11-09,76.32622335722324,107.04287503575847,22.215888992074426,1,1,0.0
2021-06-23,61.032016965278075,59.77126868589509,20.663188957783806,0,1,1.0
2022-07-30,68.39511221531492,117.43467420229587,14.375880144481927,0,1,0.0
2021-05-08,65.02736246880698,89.06480190518758,17.67402656655399,1,0,0.0
2021-05-26,68.87880691937985,105.61939313840274,17.006835397710077,1,1,0.0
2021-10-23,69.73929893416665,120.57976216891323,22.052064187616065,1,1,0.0
2021-10-16,70.94436028099206,87.61564848520878,19.63823431292894,1,1,0.0
2021-05-10,69.40175980360604,117.5276880610211,16.936233536744496,0,1,0.0
2020-10-02,66.41313376723579,108.31424442467473,12.1580576821665,1,1,0.0
2022-01-07,63.88330294852488,136.93317995726,19.752055965418286,1,1,0.0
2020-10-09,86.19245221891241,112.9353524925287,16.72858511677105,1,0,1.0
2020-03-16,64.18622727131144,97.41603355029045,25.312007849542667,1,1,0.0
2022-12-28,71.7256242819276,145.2705687996962,19.59215538271222,1,1,0.0
2022-01-23,85.00711365056462,103.22309471714145,22.210852302232002,1,1,1.0
2021-03-12,60.89183536739384,118.08411603128266,20.73619720238908,1,1,0.0
2020-06-28,53.498553145187465,104.72009699144198,18.251352249004093,1,1,1.0
2021-04-03,69.13041497838034,75.7679522018424,18.953795588123615,1,1,1.0
2020-03-31,71.5188341916637,55.875238182463285,10.683118502984657,1,1,1.0
2020-10-28,77.67483338342859,108.35444460600826,19.46356242748132,0,1,0.0
2021-02-15,60.406655556808246,85.09180698176725,20.376670687893927,1,1,0.0
2021-06-17,76.16325350676505,114.74787354870134,28.87365029185771,0,1,0.0
2022-12-15,95.47390931385415,140.6820833963318,15.195956113326416,0,1,1.0
2020-01-06,59.40350128165624,108.97173982033051,13.971896116971289,0,1,1.0
2020-05-10,71.05062466863797,96.82383478027776,17.923943946101723,1,1,0.0
2022-05-06,65.31594164505869,122.1261309928449,21.445734948750818,1,1,0.0
2020-06-22,67.67926496073416,92.65687648675167,21.661876485782162,1,1,0.0
2021-05-06,78.32930036788741,69.83479455651445,22.510886060654972,1,1,1.0
2022-07-01,57.71424996791792,85.90145308782013,25.921967532585576,0,1,1.0
2020-08-21,84.93543945261055,53.327624718135105,12.826997651164213,0,1,1.0
2022-03-12,71.40488741628643,122.03001517340107,18.23471401826042,1,1,0.0
2020-11-07,61.422492316323236,118.32647107618934,19.741964955590888,1,1,0.0
2021-02-20,70.49123094368059,93.47266105111528,5.919261982481185,0,1,0.0
2022-02-17,75.27974966399739,92.74462729375516,21.684741723906,1,1,0.0
2021-03-24,69.51835208183104,130.86488832654652,26.01222009146628,1,1,0.0
2021-08-20,67.03858647429269,103.62439579767106,23.3787776577466,1,0,0.0
2020-07-22,66.81479584531584,91.17671664752392,27.57702638418329,1,1,0.0
2021-02-02,83.85584583831032,109.74833266036637,13.704646800916432,1,1,1.0
2021-05-28,65.79897270087827,95.45732699338885,20.69090228901216,1,1,0.0
2020-07-16,68.0518095442539,109.69042322504396,29.907194433673407,1,1,0.0
2021-01-08,68.76657024417527,45.544564818933196,18.762028758263554,0,1,1.0
2022-01-21,73.28675335585451,113.75293636404271,27.73450675186477,1,1,0.0
2022-10-29,79.49394983408985,79.1679018890634,18.341816028239588,1,1,1.0
2022-10-23,57.92633094849299,101.31838267955023,18.805802570742614,1,1,1.0
2022-04-09,79.15889085600132,145.5715715702398,23.27831125151236,1,1,0.0
2020-09-08,78.91598443378182,76.71591293475035,18.12727410455345,1,1,1.0
2020-07-03,82.9361447035624,67.28579872156753,25.07769032390574,1,1,1.0
2020-04-28,59.33653071020679,107.72738050486988,22.826978172671485,1,1,1.0
2020-01-31,74.08047161828476,85.69091385410707,12.08619458309245,1,1,0.0
2022-11-18,61.695877255826005,105.00937637586136,25.827339044510815,1,1,0.0
2020-01-08,66.42779874223498,90.55247761231196,20.891805612597878,0,0,0.0
2022-11-12,71.90250868504417,70.94787189864866,11.049504291422544,1,1,1.0
2020-05-07,46.070301463806715,109.0537123544652,18.367211788549714,1,1,1.0
2022-02-03,54.07867521577508,136.19772435092955,16.18672270174494,1,1,1.0
2020-06-04,84.32619616835817,126.63240282332055,21.370836417034074,1,1,1.0
2022-02-10,75.19903476553576,93.4644974024306,17.27068775945994,1,1,0.0
2022-05-01,77.2342590886721,92.70279928666594,23.21843137036916,1,1,0.0
2020-02-11,69.57040645000737,69.23695725431097,31.429086240051532,0,1,1.0
2022-02-17,61.322529126491936,83.05586785949826,13.603736719117839,1,1,0.0
2022-10-06,90.51526624729505,125.71296838749485,16.795753308992207,1,1,1.0
2020-04-18,69.02362756670374,108.85258841135727,13.004262756512444,0,1,0.0
2022-05-01,63.88549054274337,98.28718937706724,18.330091618425012,1,1,0.0
2021-01-09,59.39951003773582,78.86451236578759,23.55919932177026,1,1,1.0
2020-07-20,85.5282051218692,120.62330025712976,19.683534354553885,0,1,1.0
2020-03-06,66.47547829734788,93.43446881386464,23.899650331345562,1,1,0.0
2022-04-10,64.27668396512722,73.38901461125643,19.084302496234347,1,1,1.0
2020-11-25,63.82275940677885,91.5128363718047,21.286345599323848,1,1,0.0
2020-04-29,83.0104590390612,131.17354451881042,22.35777512393439,1,1,1.0
2021-04-16,64.1859461003199,67.3052599295429,21.744365155996153,1,0,1.0
2021-03-30,67.9519586030813,99.46315285667804,18.254831290946775,1,1,0.0
2020-10-27,57.36125669738499,109.25334288371988,18.047408934458392,1,1,1.0
2021-03-26,69.99803755543707,94.89908792656804,19.514978466085385,0,1,0.0
2020-10-22,64.54276790668288,123.85519244670743,15.20099870366986,1,1,0.0
2021-07-13,78.00468204121633,88.6663383344605,18.837127845642335,0,1,0.0
2022-01-11,72.35087786726245,63.403212804143095,31.29779867443994,0,0,1.0
2022-10-17,65.69057674964337,68.60283329895864,17.411642720281666,1,1,1.0
2021-01-02,84.24321279901615,119.0325151925606,22.729028832490147,1,1,1.0
2020-11-01,80.47322097048848,125.91083493531224,25.3566781389774,1,1,1.0
2020-04-07,68.92644586472593,101.74971260577551,13.02468711234389,1,1,0.0
2022-03-28,68.81745955861042,107.90453541432426,13.164449673807802,1,1,0.0
2022-09-29,83.47677328325325,121.95194299489893,21.267861664993283,0,1,1.0
2022-09-22,76.64788953232463,100.40881724411788,18.245821410535342,0,1,0.0
2021-02-20,69.08304619151563,78.73759580517249,20.124166953891123,1,1,1.0
2022-02-18,80.17423168737189,81.84708167161939,22.104999598337425,1,1,1.0
2022-06-11,81.02673926423543,107.0292039874576,21.457827979973644,1,1,1.0
2020-04-02,61.94101538063523,133.3275985479622,16.431064600151505,1,1,0.0
2021-09-06,58.31011461834588,79.92014000921762,18.574157526878217,1,1,1.0
2022-09-30,82.3400898803529,96.31533750064754,22.32494443457928,0,1,1.0
2021-07-18,62.96351788558335,81.64174185939277,15.385048654234616,0,1,0.0
2022-12-02,68.91241339435663,62.80438293843857,21.95245046942796,1,1,1.0
2022-11-04,64.03031102388792,68.96660910610738,12.508973518230864,0,1,1.0
2022-12-15,80.0389582821075,61.50258179538949,16.199520377116144,1,1,1.0
2022-06-22,77.91444888543934,89.30483125280169,21.763775198313443,1,1,0.0
2020-08-02,70.60457545908733,112.30606542792054,18.43065068553984,1,1,0.0
2021-09-22,76.40191769546743,94.15738860198331,13.717715245851117,1,1,0.0
2020-08-02,71.02356935082186,107.53371938026729,27.688756832604465,1,1,0.0
2022-11-09,49.638352681979015,101.59618358217978,22.67686514998384,1,1,1.0
2021-05-14,79.53788200123783,102.6232768882066,12.343823604172664,1,1,0.0
2020-10-27,74.84417314168067,125.60753612901814,20.33671358108755,1,1,0.0
2022-09-02,74.85115996853264,114.55149277624409,24.400862419065348,1,1,0.0
2021-05-31,63.85472078795826,61.42236356842601,18.861360371544354,1,1,1.0
2021-11-09,86.4088872734912,139.25512596484919,24.888673730895675,1,1,1.0
2020-06-15,61.11351948693719,106.71342242959425,19.97302493097735,1,1,0.0
2020-05-04,85.11136186232078,113.65354842129172,16.30736598123981,1,1,1.0
2020-10-14,69.69382504981688,106.73317825326464,29.6702039568298,1,1,0.0
2020-07-23,88.65969787343619,96.79201527916133,15.419274116925076,0,1,1.0
2020-02-14,68.58213495954575,70.77415991386346,15.182098406851253,1,1,1.0
2022-02-22,58.21978128394901,118.71731370695855,25.17101378044138,0,1,1.0
2022-05-08,55.33495581575195,110.02428078300787,21.403816658666504,1,1,1.0
2020-10-16,67.05904390929841,77.20470655271045,22.287751809112315,1,1,1.0
2022-11-29,70.54889832562102,89.30898088090053,23.107017506513813,0,1,0.0
2020-04-17,53.739697408311095,125.8088345061347,13.457181249210704,1,1,1.0
2022-03-31,72.72886254180872,79.04676836941846,22.250793975338123,1,1,1.0
2021-10-25,51.245145240416576,70.49092631564065,20.11884569017753,1,1,1.0
2020-05-09,65.14236191516763,76.68314902176796,8.33184515531685,1,1,1.0
2021-04-19,65.10879569497483,107.30024460419992,16.589184143367717,1,1,0.0
2021-07-05,65.21988775825942,141.5861033204313,18.00702980295973,1,1,0.0
2021-06-09,55.952130509750184,83.35260102619078,17.083980989441578,1,1,1.0
2021-07-10,74.96410210436744,83.58141170082801,18.153546785071732,1,1,0.0
2021-08-21,60.878455319741676,67.54574020701595,13.54495628437336,0,1,1.0
2020-09-07,66.38160064822236,90.38151169362985,20.799725738463945,1,1,0.0
2020-07-24,83.6155916684148,116.55607358524794,18.658695286578105,0,1,1.0
2020-04-07,58.62866616048892,124.30223968499467,15.190003896171515,1,0,1.0
2022-05-28,69.38577755291543,95.02518041648362,28.931833784833188,1,1,0.0
2021-12-13,70.82995636241169,122.838315019426,12.873567008811285,1,1,0.0
2020-01-16,68.82434426753579,112.98180316551145,25.06673378854029,1,1,0.0
2020-12-04,70.00267419867993,110.07416383215126,25.789092048524978,1,1,0.0
2021-04-17,73.05069472220339,93.14441072520364,18.016772833910604,1,1,0.0
2020-04-12,62.88179082746734,93.35811241416408,21.233185821465195,1,1,0.0
2022-01-02,66.54768728729216,122.22689841678259,19.307431671396472,1,1,0.0
2021-08-03,60.93825047720389,84.3335988072144,26.02457421436175,0,1,0.0
2020-02-25,51.90540499700892,73.96533063416534,25.65623500323268,1,1,1.0
2022-04-24,70.89554205431948,92.43622995522317,12.973613933413414,1,1,0.0
2022-03-14,70.41624574834113,131.26869402612195,21.98733720354404,1,1,0.0
2020-03-22,58.6328874293367,89.3293788677355,24.61609021988888,1,0,1.0
2022-05-02,67.57909100490551,88.43794095610816,16.417011374337186,0,1,0.0
2021-12-15,65.50970864746205,96.49667816036578,17.552095800549203,1,1,0.0
2022-02-05,55.290352708837744,124.24175722577385,14.287815415682433,1,1,1.0
2020-01-22,72.50990913288109,105.72506474063178,14.847320553576804,1,1,0.0
2022-03-11,53.05690339451054,81.44875547987607,16.00310185513034,1,1,1.0
2022-10-18,100.53136248983279,92.95385445546907,30.140648942030882,1,1,1.0
2020-12-17,77.38539236203398,112.96493782717712,21.792154519069012,0,1,0.0
2021-10-25,48.47496760597774,76.85872288318475,24.111344334050862,1,1,1.0
2022-11-06,88.76419802418938,134.0036291716777,15.863552640275007,1,1,1.0
2020-04-21,64.55085136343507,86.61829836743917,17.579090171726737,1,1,0.0
2021-09-12,52.13262028300792,53.33774081695384,14.117458951631221,1,1,1.0
2022-09-22,74.28009196468577,99.07432531780361,21.10317708807873,0,1,0.0
2021-11-07,65.03885537941193,80.55538305760885,27.695033709091526,0,1,0.0
2020-09-26,76.69637506231902,98.3426053170969,22.155263071747374,0,1,0.0
2020-02-10,80.3625348122079,110.81421470924386,29.13319112635774,1,1,1.0
2022-03-29,58.42513935788827,85.20889064767539,14.304701740105882,1,1,1.0
2022-01-13,57.29794613598993,108.15305066946642,19.900419524202704,0,1,1.0
2022-10-07,66.20149799377339,93.93934518449542,28.916234499785823,1,1,0.0
2020-02-26,69.36198533105873,85.60520587795448,14.302246469110674,1,1,0.0
2020-10-23,71.34082605900842,64.48477397893598,24.81482097920338,1,1,1.0
2022-03-21,64.08125672446286,101.69023354386019,15.376573834154499,1,1,0.0
2020-01-19,64.0155421503794,139.47922438979916,11.845154273970602,1,1,0.0
2020-11-29,83.06300876885925,56.85250448817574,18.28309367775538,1,1,1.0
2022-01-07,47.894555950625914,85.17345921682765,22.310354797465376,1,1,1.0
2021-10-09,53.37410101292216,71.12787208672908,16.241261040023108,0,1,1.0
2020-11-16,74.36670063285881,93.16528360088606,11.530607673749278,1,1,0.0
2021-11-09,74.34466627869831,56.9468269710672,11.245851505460248,1,1,1.0
2022-02-02,82.77022273218095,66.30713836130624,11.867894697043775,1,1,1.0
2021-07-23,85.01764162160657,87.17920540454318,29.400395204056284,1,1,1.0
2021-01-01,68.11904805708512,87.94385645167614,15.509275542411794,0,1,0.0
2022-08-31,59.48489765386062,65.57943285361274,23.507672633310243,0,1,1.0
2020-10-07,75.14482743790386,88.57541594603512,23.201383445003962,1,1,0.0
2022-09-25,77.66599202405409,114.61770533681224,17.85189918111631,0,1,0.0
2022-06-29,77.99336872865206,114.94521155785532,16.978555845167268,1,1,0.0
2022-12-21,80.32554580528304,127.30992554055099,23.226816327671646,1,0,1.0
2021-12-30,52.06209590714518,89.7860391282866,12.935301468591174,1,1,1.0
2022-01-19,73.44325251696974,82.01583887533997,26.028534948034217,1,1,0.0
2022-04-21,66.21507958705872,127.1228328301325,21.901592324974963,1,1,0.0
2021-03-01,73.9076237122577,98.85067110365688,19.348193578283887,0,1,0.0
2021-01-29,76.0815369488662,78.78991584534984,19.847614308665236,1,1,1.0
2022-02-24,75.28783619585514,114.31349398333961,14.467362878934296,1,1,0.0
2021-03-08,61.44243624271028,78.11723714536737,20.066792793138326,1,1,1.0
2021-01-01,72.56372296127601,88.44847833495973,25.38226325706158,1,1,0.0
2020-05-03,73.47864763848122,67.37479354404594,21.334331538163582,1,1,1.0
2020-01-19,81.3258146107495,119.30509369296061,23.08217566676069,0,1,1.0
2020-08-01,88.70900104751962,144.64623947989958,12.431121025695276,1,1,1.0
2021-02-25,55.75068940050292,93.33050055884601,18.549709991552547,1,1,1.0
2021-09-07,83.71340097885833,92.0623760296813,24.382511619795963,1,1,1.0
2022-04-14,62.95092502115839,116.3940133540988,24.4025711549061,1,1,0.0
2020-02-01,81.69489555505925,125.39380858852414,21.120635394133412,1,1,1.0
2020-07-04,57.70942620252352,78.3242688051523,19.24992181273867,1,1,1.0
2022-12-21,57.13929910007908,94.75198848140896,24.541560404939823,1,1,1.0
2022-10-09,73.05256768950899,96.6456463342372,17.126463019878944,1,1,0.0
2021-05-05,97.13210609836452,130.31453967087126,14.251118546226753,1,1,1.0
2021-08-08,59.06956670132219,121.756818689326,23.734837126266434,1,1,1.0
2020-05-06,59.20169824042149,120.82717150823181,7.46868829460343,1,1,1.0
2021-05-27,49.736093143019175,105.5074758717485,12.8518134504485,1,1,1.0
2020-06-02,60.4859692176978,105.69779608377398,18.312133089646917,1,1,0.0
2021-08-21,54.7289287024159,72.98121287754503,26.677761253401684,1,0,1.0
2020-10-01,57.5176846133574,64.71236836012267,14.857715492565822,0,1,1.0
2022-04-01,76.36806597374851,114.15431232167676,18.669511489736948,1,1,0.0
2022-08-29,68.71765048872028,125.88732023351591,24.590310780895607,1,1,0.0
2021-06-21,62.8646409771177,58.427280142725415,24.272601429666334,1,1,1.0
2021-01-19,74.54494827622571,116.9362929925626,14.728963358159225,1,1,0.0
2021-10-21,83.66301086892803,61.11850309978024,11.019029063864274,1,1,1.0
2021-03-18,74.4404008573833,88.2376901537114,30.224079936864904,1,1,0.0
2021-01-09,79.88099393013493,99.31522769740313,24.24259523209978,0,1,0.0
2021-12-04,71.40424191009753,67.39024608527001,15.198606119278885,1,1,1.0
2022-01-23,67.32886690482873,100.47395459628221,24.20097430174505,1,1,0.0
2021-06-11,57.89957523510958,79.51432966536149,13.006111820551224,1,1,1.0
2021-03-12,65.09927189966999,85.89434969433636,19.91857096311436,0,1,0.0
2021-05-08,65.24219127346693,121.69248472510967,20.261093528615145,1,1,0.0
2022-11-26,71.17409093121523,61.59382796545521,14.499475959958296,1,0,1.0
2021-02-07,86.1132460089817,99.94578388653576,24.10666924781053,0,0,1.0
2021-10-17,74.19234782381045,108.47675298061073,20.70888059561735,0,1,0.0
2022-08-21,58.8174277717349,102.0495320919645,14.831522533002271,1,1,1.0
2020-06-12,86.20535537932732,65.50015733365213,25.03393654074766,1,1,1.0
2021-04-20,70.79522481871118,70.81113918453889,15.082507405294749,1,0,1.0
2022-10-14,51.74660746501751,102.17334968201038,23.03326150282919,1,1,1.0
2021-03-15,85.8277474343667,101.5610586977164,14.723777162560275,1,0,1.0
2021-02-27,78.1187414778942,94.88647050787523,20.315526866510936,0,1,0.0
2020-12-25,69.70331024013355,81.26666445615646,27.321661513398055,1,0,0.0
2022-02-09,57.11090239187353,97.07129222426866,17.452204698648597,1,0,1.0
2020-08-03,64.43685970447183,99.02724438307672,15.237243185242278,1,1,0.0
2020-01-28,67.18276697698906,126.56067163323888,14.60883328607229,1,1,0.0
2022-03-21,75.0688749733269,73.11114579609534,18.17399024614511,0,1,1.0
2022-04-20,71.67016954774826,96.57594115650834,24.485193840150423,0,1,0.0
2020-12-26,51.465919517643094,104.86902221235965,25.300341908495014,1,1,1.0
2021-05-10,73.05285401856213,119.3571625574652,17.150767198022443,1,1,0.0
2020-12-24,74.59154635654487,104.61977380589748,25.955635245122135,0,1,0.0
2020-08-17,59.35889502960497,106.12163360037499,12.84262467521222,1,1,1.0
2021-06-13,56.861602957184374,147.39403883596702,23.8560599724936,1,1,1.0
2022-07-25,66.09007135379161,144.91478443604896,15.01802350499622,1,1,0.0
2022-12-16,76.36806604322199,75.27866738287507,13.558831484749021,1,1,1.0
2021-09-03,73.085001782891,101.20204466042912,22.462848628801485,1,1,0.0
2020-06-27,77.5435240709862,53.50284793889902,15.56528851965054,1,1,1.0
2021-07-11,79.52813862944419,107.65353584820446,20.271098325254354,0,1,0.0
2022-08-08,60.24967318341962,87.0373958275886,18.58059574033778,1,0,0.0
2022-11-06,48.438585239507695,86.62612073278623,21.48348230088229,1,1,1.0
2022-05-23,62.02625598566057,107.83047280876144,16.39075045464653,1,1,0.0
2021-02-16,75.56061424277226,76.4362745158887,21.714805536159496,0,0,1.0
2020-06-12,67.46280048219361,104.66422801169878,17.459942306452433,1,1,0.0
2021-02-14,62.83479064784238,140.52447762652554,24.036173296228345,0,1,0.0
2020-09-10,76.48974001486174,111.21011488173349,26.415928986366822,1,1,0.0
2021-02-12,69.18309205336693,63.01843315570075,18.212782062646795,1,1,1.0
2020-11-29,70.43870526512119,87.15925939840528,28.885233025369367,1,1,0.0
2021-01-01,65.3201868832531,91.98279898411434,14.611815879254024,1,1,0.0
2022-05-23,86.75770329673747,90.7745840169587,7.923912601523057,1,1,1.0
2020-01-15,53.82406519113778,77.5250588134626,17.328131452549798,1,1,1.0
2020-10-01,72.34550429458865,114.96583693878573,19.420278812327595,1,1,0.0
2022-05-02,88.16061862418186,88.63139072357575,20.90591646819821,1,1,1.0
2022-08-08,73.39754967997939,101.06136446158887,17.836284038604116,0,1,0.0
2021-09-12,47.4230279536634,127.49460982543792,20.67298507991416,1,1,1.0
2022-08-19,51.50803440377886,89.25130900944586,12.178387749319166,0,1,1.0
2022-10-27,87.62001990012156,76.0055986486798,26.459043619043,1,0,1.0
2021-05-17,74.26496140059866,106.97450140984415,16.72796485924705,0,1,0.0
2022-08-19,76.80868974924493,113.31404599015896,23.578983639677457,1,1,0.0
2020-12-08,88.7319188217379,87.87413184749751,24.930776230622637,1,0,1.0
2022-11-15,71.55604887017398,88.31229775357058,19.143257202497125,1,1,0.0
2020-04-30,60.18973928516905,92.90815241411879,9.529426242711136,1,1,0.0
2021-06-30,64.17600841714763,100.90002155703779,19.877730849708993,1,1,0.0
2022-03-01,79.56390687955658,115.66478288032376,18.22848714098183,1,1,0.0
2021-02-15,75.32274866481846,111.40212379207308,8.247222702550186,1,1,0.0
2022-05-16,65.2577074035842,100.43634520890603,20.37495278857168,1,1,0.0
2022-07-06,67.9255496436218,70.24831905516848,22.205653916844422,0,1,1.0
2021-09-19,83.29418955207743,104.2227198483223,19.329630465094684,1,1,1.0
2022-01-03,75.02334905928195,118.07192843730665,22.271042182274442,1,1,0.0
2022-11-18,73.30046726167704,117.44831591635551,27.69343260669759,1,1,0.0
2022-03-20,70.31705032737148,96.23458002947314,17.4905373919434,1,1,0.0
2022-04-16,81.9015445794774,99.5726929849079,19.978127995257232,1,1,1.0
2020-11-16,67.04809996165567,96.77194005117923,20.44808353408778,1,1,0.0
2022-07-01,70.12274862494584,97.79919142006065,18.6836784920595,0,1,0.0
2020-12-09,77.72685053861832,85.83882967739792,18.863139263974524,1,1,0.0
2020-06-02,91.20544369323002,103.67392474965625,19.32669854389826,1,0,1.0
2020-03-19,70.62422114668482,122.2564706366765,22.637945835197137,1,1,0.0
2021-04-08,92.0239082559874,111.99222499980381,14.484740431650469,1,1,1.0
2022-02-14,73.39200332934622,90.74754781839594,21.380018615962385,1,1,0.0
2020-12-07,66.0103616045748,105.13469864855284,23.1364683552641,1,1,0.0
2021-06-23,71.35729674849341,147.3451801486841,12.72060987068247,1,1,0.0
2020-10-27,67.22867237150079,89.6179922384969,9.872235248649751,1,1,0.0
2021-05-12,61.04741986139091,111.9761381070875,22.03047765928789,0,1,0.0
2021-06-25,80.98234796726781,104.30164037540229,19.728444038272965,1,1,1.0
2022-05-01,60.31150140752937,113.1805665741339,17.792727178411653,1,1,0.0
2022-02-24,82.07915064132835,104.23394804399315,28.553355089250616,1,0,1.0
2022-03-09,50.56232648905862,101.6618984784159,13.639543921528638,0,1,1.0
2022-06-29,61.822019627990564,71.00062080340993,16.677026096151927,1,1,1.0
2020-10-09,67.508860839866,82.12497650991601,21.27869050349067,1,1,0.0
2020-05-26,52.904923725618424,88.29544944516704,20.44869972726631,1,1,1.0
2022-05-14,69.96180217809044,99.59888537890743,15.962679216681206,0,1,0.0
2020-01-31,60.290765214310454,95.02733008288139,22.216010342787254,1,1,0.0
2022-06-27,71.41752918125096,136.4602563674868,26.02116610898421,1,1,0.0
2020-10-31,69.822660017184,69.00218663965214,18.568489256007922,1,1,1.0
2022-07-18,67.87749057360165,119.66200789321547,22.672368626890766,1,1,0.0
2021-09-07,79.2246835025567,114.8810538897478,26.16077890045585,1,1,0.0
2021-12-29,78.69872897079351,102.85998919816849,15.61599700099057,1,1,0.0
2021-04-02,61.51389676619281,85.40000539985726,16.080650643729847,0,0,0.0
2021-12-17,57.99367025268197,98.6889464692362,24.15601576352295,1,1,1.0
2020-09-22,91.63885090444316,74.774979581378,14.543367525723873,1,1,1.0
2020-05-31,73.37948806623736,73.4709278571896,19.78527169257069,1,1,1.0
2021-07-11,68.48938867990846,107.94247344251387,18.63965676205179,1,1,0.0
2022-02-19,80.72715395895538,102.20349090289756,10.408397629054903,1,1,1.0
2022-06-29,77.00368680093622,97.20563184111721,18.169570658520335,1,1,0.0
2020-02-29,65.23310546668219,103.29377834836943,17.59082446876343,1,1,0.0
2020-03-03,58.14495113594537,95.70058374273475,18.068210286793864,1,1,1.0
2021-05-02,66.13864653647396,131.32993039246537,20.829284172754935,1,1,0.0
2021-02-11,54.59215109181205,121.77294650596448,19.818570858733292,1,1,1.0
2022-01-19,62.12486618863093,51.62013858474271,15.31219934122549,1,1,1.0
2022-07-15,70.94472414871457,96.39407098463546,20.56538091467778,1,1,0.0
2022-10-29,79.76593764124911,106.25172103467713,17.950626854326387,1,1,0.0
2022-05-25,66.47787711509112,127.26256169595393,18.90212463096424,1,1,0.0
2020-06-16,71.68688530258926,89.66079975485479,23.598373479007527,1,1,0.0
2020-04-09,72.3500207761473,130.56589761285255,16.410683667554526,0,0,0.0
2020-05-05,82.95460694993425,74.30730047225117,13.385299688150022,0,1,1.0
2020-04-09,84.78838918868524,125.54937575723254,26.31438181033525,1,1,1.0
2021-10-19,61.22040839675198,59.27234303148197,21.107424504152156,1,1,1.0
2021-05-03,64.47735864363723,109.04573561410753,24.990406483918434,1,1,0.0
2020-12-31,71.01723130193943,73.85429705340135,11.67121719930954,1,1,1.0
2020-12-19,81.1448688991716,94.32618956340303,20.53486088702975,1,1,1.0
2020-08-26,76.94841651883253,106.21172718342531,18.235127397851027,1,1,0.0
